Profit Summary Table,,,,,,,,,,
Category,Total Profit,Average Profit,,,,,,,,
Furniture,63902.86,8.7,,,,,,,,
Technology,43796.3,78.75,,,,,,,,
Office Supplies,178655.95,20.33,,,,,,,,
,,,,,,,,,,
,,,,,,,,,,
,,,,,,,,,,
,,,,,,,,,,
,,,,,,,,,,
,,,,,,,,,,
,,,,,,,,,,
,,,,,,,,,,
,,,,,Key Insights,,,,,
,,,,,,,,,,
,,,,,"1. Office Supplies generated the highest total profit at 178,655.95.",,,,,
,,,,,2. Technology had the highest average profit per record at 78.75.,,,,,
,,,,,"3. Furniture generated 63,902.86 total profit, with an average profit of 8.70.",,,,,
,,,,,4. Total profit and average profit provide different perspectives for comparing categories.,,,,,
