Product Pair,Order Count,Pair Frequency %
JUMBO BAG PINK POLKADOT + JUMBO BAG RED RETROSPOT,546,2.95
GREEN REGENCY TEACUP AND SAUCER + ROSES REGENCY TEACUP AND SAUCER ,541,2.92
ALARM CLOCK BAKELIKE GREEN + ALARM CLOCK BAKELIKE RED ,530,2.86
LUNCH BAG PINK POLKADOT + LUNCH BAG RED RETROSPOT,523,2.82
LUNCH BAG  BLACK SKULL. + LUNCH BAG RED RETROSPOT,517,2.79
WOODEN FRAME ANTIQUE WHITE  + WOODEN PICTURE FRAME WHITE FINISH,468,2.52
LUNCH BAG RED RETROSPOT + LUNCH BAG SPACEBOY DESIGN ,467,2.52
LUNCH BAG  BLACK SKULL. + LUNCH BAG PINK POLKADOT,464,2.5
GARDENERS KNEELING PAD CUP OF TEA  + GARDENERS KNEELING PAD KEEP CALM ,463,2.5
GREEN REGENCY TEACUP AND SAUCER + PINK REGENCY TEACUP AND SAUCER,460,2.48
LUNCH BAG CARS BLUE + LUNCH BAG RED RETROSPOT,458,2.47
RED HANGING HEART T-LIGHT HOLDER + WHITE HANGING HEART T-LIGHT HOLDER,455,2.45
PAPER CHAIN KIT 50'S CHRISTMAS  + PAPER CHAIN KIT VINTAGE CHRISTMAS,451,2.43
LUNCH BAG RED RETROSPOT + LUNCH BAG SUKI DESIGN ,450,2.43
PINK REGENCY TEACUP AND SAUCER + ROSES REGENCY TEACUP AND SAUCER ,436,2.35
JUMBO BAG RED RETROSPOT + JUMBO STORAGE BAG SUKI,434,2.34
LUNCH BAG RED RETROSPOT + LUNCH BAG WOODLAND,433,2.34
LUNCH BAG CARS BLUE + LUNCH BAG PINK POLKADOT,427,2.3
JUMBO BAG RED RETROSPOT + LUNCH BAG RED RETROSPOT,425,2.29
DOLLY GIRL LUNCH BOX + SPACEBOY LUNCH BOX ,424,2.29
