Product,Actual_Sales,Budget_Sales,Sales Variance,Sales Variance %
Amaretto,26269,27200,-931,-3.42
Caffe Latte,35899,30540,5359,17.55
Caffe Mocha,84904,84600,304,0.36
Chamomile,75578,63840,11738,18.39
Columbian,128311,134380,-6069,-4.52
Darjeeling,73151,57360,15791,27.53
Decaf Espresso,78162,75720,2442,3.23
Decaf Irish Cream,62248,67040,-4792,-7.15
Earl Grey,66772,50900,15872,31.18
Green Tea,32850,25340,7510,29.64
Lemon,95926,78300,17626,22.51
Mint,35710,28320,7390,26.09
Regular Espresso,24031,22620,1411,6.24
